{
  "project_info": {
    "project_number": "693721897876",
    "firebase_url": "https://registration-page-15ce9-default-rtdb.firebaseio.com",
    "project_id": "registration-page-15ce9",
    "storage_bucket": "registration-page-15ce9.appspot.com"
  },
  "client": [
    {
      "client_info": {
        "mobilesdk_app_id": "1:693721897876:android:3203d11a51ec3e1717cd81",
        "android_client_info": {
          "package_name": "com.example.demo"
        }
      },
      "oauth_client": [
        {
          "client_id": "693721897876-qcptk2ulm10r4ev09b75v8sibjvrfevr.apps.googleusercontent.com",
          "client_type": 3
        }
      ],
      "api_key": [
        {
          "current_key": "AIzaSyCjnRqwYVu7-bwAi-DPZOBwABpJDNp6gMo"
        }
      ],
      "services": {
        "appinvite_service": {
          "other_platform_oauth_client": [
            {
              "client_id": "693721897876-qcptk2ulm10r4ev09b75v8sibjvrfevr.apps.googleusercontent.com",
              "client_type": 3
            }
          ]
        }
      }
    },
    {
      "client_info": {
        "mobilesdk_app_id": "1:693721897876:android:cef040100d61f7e417cd81",
        "android_client_info": {
          "package_name": "com.example.registrationpage"
        }
      },
      "oauth_client": [
        {
          "client_id": "693721897876-qcptk2ulm10r4ev09b75v8sibjvrfevr.apps.googleusercontent.com",
          "client_type": 3
        }
      ],
      "api_key": [
        {
          "current_key": "AIzaSyCjnRqwYVu7-bwAi-DPZOBwABpJDNp6gMo"
        }
      ],
      "services": {
        "appinvite_service": {
          "other_platform_oauth_client": [
            {
              "client_id": "693721897876-qcptk2ulm10r4ev09b75v8sibjvrfevr.apps.googleusercontent.com",
              "client_type": 3
            }
          ]
        }
      }
    }
  ],
  "configuration_version": "1"
}